{
  "start-game": "start game",
  "end-game": "end game",
  "close-door": "close door",
  "open-door": "open door",
  "switch-on": "switch on",
  "switch-off": "switch off",
  "teleporter": "start teleporter",
  "inverse-teleporter": "start inverse teleporter",
  "switch-monitor": "switch",
  "toggle-monitor": "toggle monitor",
  "reroute-planet-commands": {
    "the company building": "the company building",
    "experimentation": "experimentation",
    "assurance": "assurance",
    "vow": "vow",
    "offense": "offense",
    "march": "march",
    "rend": "rend",
    "dine": "dine",
    "titan": "titan"
  },
  "buy-voice-count-commands": {
    "1": "1|one",
    "2": "2|two",
    "3": "3|three",
    "4": "4|four",
    "5": "5|five",
    "6": "6|six",
    "7": "7|seven",
    "8": "8|eight",
    "9": "9|nine",
    "10": "10|ten",
    "11": "11|eleven",
    "12": "12|twelve"
  },
  "buy-voice-commands": {
    "walkie-talkie": "walkie",
    "flash": "flash",
    "pro flashlight": "pro",
    "flashlight": "flashlight",
    "survival kit": "survival kit",
    "lockpicker": "lockpicker",
    "teleporter": "teleport",
    "jetpack": "jetpack",
    "boombox": "boombox",
    "stun": "stun",
    "mapper": "mapper",
    "television": "television",
    "spray paint": "spray paint",
    "tzp": "tzp",
    "green suit": "green suit",
    "hazard suit": "hazard suit",
    "pajama suit": "pajama suit",
    "cozy lights": "cozy lights",
    "signal": "signal",
    "record": "record",
    "shower": "shower",
    "table": "table",
    "romantic table": "romantic table",
    "file cabinet": "file cabinet",
    "cupboard": "cupboard",
    "bunkbeds": "bunkbeds",
    "zap gun": "zap gun",
    "loud horn": "loud horn",
    "extension ladder": "extension ladder",
    "inverse teleporter": "inverse",
    "jackolantern": "jackolantern",
    "radarr": "radarr",
    "welcome mat": "welcome mat",
    "goldfish": "goldfish",
    "plushie pajama man": "plushie",
    "purple suit": "purple suit"
  },
  "terminal-voice-commands": {
    "b3": "b3",
    "c1": "c1",
    "c2": "c2",
    "c7": "c7",
    "d6": "d6",
    "f2": "f2",
    "h5": "h5",
    "i1": "i1",
    "j6": "j6",
    "k9": "k9",
    "l0": "l0",
    "m6": "m6",
    "m9": "m9",
    "o5": "o5",
    "p1": "p1",
    "r2": "r2",
    "r4": "r4",
    "t2": "t2",
    "u2": "u2",
    "u9": "u9",
    "v0": "v0",
    "x8": "x8",
    "y9": "y9",
    "z3": "z3"
  },
  "voice-commands": {
    "hello jarvis": "hello jarvis",
    "goodbye jarvis": "goodbye jarvis"
  },
  "voice-assets": {
    "hello jarvis": "jarvis-i-am-here-as-usual|jarvis-what-you-wish-baby",
    "goodbye jarvis": "jarvis-goodbye-my-dear|jarvis-ok-as-you-wish-sir"
  },
  "start-game-voice-assets": "jarvis-maybe-better-to-stay-on-ship|jarvis-good-luck-team|jarvis-try-not-to-die-please",
  "end-game-voice-assets": "jarvis-nice-work|jarvis-good-game-team",
  "buy-success-voice-assets": "jarvis-are-you-sure|jarvis-ok-as-you-wish-sir|jarvis-done|jarvis-i-think-something-happening-there|jarvis-purchase-completed-successfully",
  "buy-declined-voice-assets": "jarvis-not-enough-money",
  "ship-intro-assets": "jarvis-welcome"
}